{"chunk_definitions":[{"row":26,"row_count":1,"visible":true,"expansion_state":0,"options":{"engine":"css","echo":false,"label":"unnamed-chunk-1"},"document_id":"35BA1D11","chunk_id":"c5jhpzzbw7ihc","chunk_label":"unnamed-chunk-1"},{"row":33,"row_count":1,"visible":true,"expansion_state":0,"options":{"engine":"r","label":"setup chunks","include":false},"document_id":"35BA1D11","chunk_id":"cm156t76mi4e9","chunk_label":"setup chunks"},{"row":61,"row_count":1,"visible":true,"expansion_state":0,"options":{"engine":"r","label":"packages","include":false},"document_id":"35BA1D11","chunk_id":"cu5id927dfq8e","chunk_label":"packages"},{"row":72,"row_count":1,"visible":true,"expansion_state":0,"options":{"engine":"r","label":"additionalFunctions","include":false},"document_id":"35BA1D11","chunk_id":"cpr5v28xkpm27","chunk_label":"additionalFunctions"},{"row":120,"row_count":1,"visible":true,"expansion_state":0,"options":{"engine":"r","label":"loaddata","include":false},"document_id":"35BA1D11","chunk_id":"coyz029g1dzfn","chunk_label":"loaddata"},{"row":158,"row_count":1,"visible":true,"expansion_state":0,"options":{"engine":"r","label":"unnamed-chunk-2"},"document_id":"35BA1D11","chunk_id":"cnw62reldztd4","chunk_label":"unnamed-chunk-2"},{"row":164,"row_count":1,"visible":true,"expansion_state":0,"options":{"engine":"r","label":"unnamed-chunk-3"},"document_id":"35BA1D11","chunk_id":"cx6qlatipi5ep","chunk_label":"unnamed-chunk-3"},{"row":179,"row_count":1,"visible":true,"expansion_state":0,"options":{"engine":"r","label":"unnamed-chunk-4"},"document_id":"35BA1D11","chunk_id":"cm4rwpsatnmta","chunk_label":"unnamed-chunk-4"},{"row":186,"row_count":1,"visible":true,"expansion_state":0,"options":{"engine":"r","label":"unnamed-chunk-5"},"document_id":"35BA1D11","chunk_id":"c91pgj420h60c","chunk_label":"unnamed-chunk-5"},{"row":201,"row_count":1,"visible":true,"expansion_state":0,"options":{"engine":"r","label":"unnamed-chunk-6"},"document_id":"35BA1D11","chunk_id":"cm6d3pyu1u1xp","chunk_label":"unnamed-chunk-6"},{"row":208,"row_count":1,"visible":true,"expansion_state":0,"options":{"engine":"r","results":"asis","label":"unnamed-chunk-7"},"document_id":"35BA1D11","chunk_id":"c5ad7uw1c4gz9","chunk_label":"unnamed-chunk-7"},{"row":221,"row_count":1,"visible":true,"expansion_state":0,"options":{"engine":"r","label":"unnamed-chunk-15"},"document_id":"35BA1D11","chunk_id":"cjiw1j5w1bmje","chunk_label":"unnamed-chunk-8"},{"row":232,"row_count":1,"visible":true,"expansion_state":0,"options":{"engine":"r","label":"unnamed-chunk-9"},"document_id":"35BA1D11","chunk_id":"cqnb5t1javmqh","chunk_label":"unnamed-chunk-9"},{"row":240,"row_count":1,"visible":true,"expansion_state":0,"options":{"engine":"r","label":"unnamed-chunk-10"},"document_id":"35BA1D11","chunk_id":"cjd2fppgapdgd","chunk_label":"unnamed-chunk-10"},{"row":255,"row_count":1,"visible":true,"expansion_state":0,"options":{"engine":"r","label":"unnamed-chunk-11"},"document_id":"35BA1D11","chunk_id":"ck2aa63nzhgud","chunk_label":"unnamed-chunk-11"},{"row":262,"row_count":1,"visible":true,"expansion_state":0,"options":{"engine":"r","results":"asis","label":"unnamed-chunk-12"},"document_id":"35BA1D11","chunk_id":"c5cw0h8dgz5q7","chunk_label":"unnamed-chunk-12"},{"row":285,"row_count":1,"visible":true,"expansion_state":0,"options":{"engine":"r","label":"unnamed-chunk-13"},"document_id":"35BA1D11","chunk_id":"cmfcpew75i6ov","chunk_label":"unnamed-chunk-13"}],"doc_write_time":1683789447}