{"chunk_definitions":[{"row":61,"row_count":1,"visible":true,"expansion_state":0,"options":{"engine":"r","label":"setup","include":false},"document_id":"F8C5C3EE","chunk_id":"csetup_chunk","chunk_label":"setup"},{"row":169,"row_count":1,"visible":true,"expansion_state":0,"options":{"engine":"r","label":"loaddata","include":false},"document_id":"F8C5C3EE","chunk_id":"cgs79vkn42l45","chunk_label":"loaddata"},{"row":202,"row_count":1,"visible":true,"expansion_state":0,"options":{"engine":"r","label":"unnamed-chunk-1"},"document_id":"F8C5C3EE","chunk_id":"ctd0qx9f4669b","chunk_label":"unnamed-chunk-2"}],"doc_write_time":1649424562,"working_dir":null,"default_chunk_options":{}}